dimension,leading_eigenvalue
20.0,0.2810727066831116
30.0,0.28106784852274896
40.0,0.28106780579478474
50.0,0.28106780538905846
60.0,0.28106780538570303
