{
  "block_dimensions": {
    "-2": 4,
    "-1": 8,
    "0": 20,
    "1": 8,
    "2": 4
  },
  "universe_size": 389,
  "raw_equality_constraints": 278,
  "fit_slope": 0.6685832350120341,
  "fit_intercept": -1.556586701956388,
  "fit_kappa": 0.21085455374144907
}